{"../html/.index.html.swp": 1775270675.679286, "../html/.types.html.swp": 1775270584.8935628, "../html/grammar.html": 1775269539.5264373, "../html/index.html": 1775270663.8382573, "../html/looping.html": 1775269539.5513697, "../html/namespace.html": 1775269539.5962489, "../html/struct.html": 1775269539.6052246, "../html/styles.css": 1775269539.612206, "../html/types.html": 1775270571.951587, "../html/using.html": 1775269539.6211822, "../html/js/recursive_links/.git": 1775271076.1387665, "../html/js/recursive_links/README.md": 1775271078.7200415, "../html/js/recursive_links/scripts.js": 1775271078.7300196, "../html/modules/basic/apollo_time.html": 1775269539.5653446, "../html/modules/simp/index.html": 1775269539.586304, "../html/modules/simp/immediate/index.html": 1775269539.5782971}